{"sig_target_10_": [13060.001940000002, 10.75533, 1.80408, 2.762539999999999, 3.1252899999999992, 1602.3113700000004, 2517.0094599999998, 5.24491, 4.0539700000000005, 5.206860000000001, 5.80388, 119.14679, 6.19354, 6786.6425899999995, 69468.04208, 8.38881, 9148.67352], "sig_target_15_": [13064.436300000001, 10.53132, 1.7746700000000002, 2.74995, 2.9762100000000005, 3.2395799999999997, 5.2225, 4.97128, 4.09104, 5.17883, 5.73784, 119.26956, 6.157039999999999, 1318.8677800000003, 73183.05393, 8.3188, 9144.20215], "sig_target_20_": [2171.8563, 10.54729, 1.7621099999999998, 2.754209999999999, 2.9696499999999992, 3.17664, 4.79256, 5.00379, 4.16351, 5.2115599999999995, 5.73346, 118.94979000000001, 6.1418, 12.634120000000003, 73289.68724, 8.28088, 21.885690000000004], "sig_target_25_": [33.40166, 10.541149999999998, 1.7913299999999999, 2.77032, 2.9561499999999996, 3.1525800000000004, 4.78076, 5.04189, 4.0757200000000005, 5.252269999999999, 5.73121, 119.22434, 6.169350000000001, 12.182839999999999, 73449.70829000001, 8.32056, 15.532620000000001], "sig_target_30_": [21.802310000000002, 10.54419, 1.7769000000000004, 2.74748, 2.9746699999999997, 3.1971000000000007, 4.75947, 5.0782300000000005, 4.0550299999999995, 5.15961, 5.76429, 118.63394000000002, 6.17746, 12.182510000000002, 73592.85777419353, 8.277539999999998, 15.572149999999997], "sig_target_35_": [21.415729999999993, 10.52884, 1.78016, 2.7334499999999995, 2.96731, 3.1558499999999996, 4.7358199999999995, 5.11762, 4.043279999999999, 5.15033, 5.787930000000001, 118.59307000000001, 6.137919999999999, 12.17001, 8.253269999999999, 15.53383], "sig_target_40_": [21.415289999999995, 10.53656, 1.7623199999999999, 2.8139900000000004, 2.9716699999999996, 3.12863, 4.71695, 5.031459999999999, 4.0627200000000006, 5.179230000000001, 5.756, 119.43016000000001, 6.126550000000001, 12.193799999999996, 8.2552, 15.585820000000002], "sig_target_45_": [21.42639, 10.55409, 1.7778100000000003, 2.7956899999999996, 2.9763200000000007, 3.1546299999999996, 4.75794, 5.024159999999998, 4.11103, 5.2058, 5.72348, 124.08318000000003, 6.190449999999999, 12.183290000000001, 8.253810000000001, 15.576619999999998], "sig_target_50_": [21.42715, 10.610410000000002, 1.7786399999999998, 2.77784, 2.98628, 3.13889, 4.711949999999999, 5.005800000000001, 4.08156, 5.1652700000000005, 5.720509999999998, 123.44687000000002, 6.216659999999999, 12.195969999999996, 8.286610000000001, 15.5503], "sig_target_55_": [21.44724, 10.593339999999998, 1.7817600000000002, 2.7905400000000005, 2.9747, 3.1524799999999997, 4.68215, 5.00381, 4.07738, 5.18058, 5.7295300000000005, 123.77722000000001, 6.19812, 12.17107, 8.238560000000001, 15.51092], "sig_target_5_": [13056.961839999998, 5627.663800000001, 1.7682600000000002, 111.50447, 1317.4292900000003, 1597.80844, 2515.3940000000002, 2407.1590599999995, 4.0869100000000005, 7.786910000000001, 2730.05349, 119.65326999999999, 516.9874199999999, 6782.5495999999985, 28211.12669000001, 4359.16585, 9146.270429999999], "sig_target_60_": [21.44728, 10.591699999999998, 1.7863799999999999, 2.82212, 2.995609999999999, 3.156999999999999, 4.67148, 4.97818, 4.1002600000000005, 5.22273, 5.71361, 23.91929, 6.197959999999999, 12.195030000000001, 8.251299999999999, 15.546870000000002], "sig_target_65_": [21.435019999999994, 10.566669999999998, 1.79299, 2.77371, 2.9643999999999995, 3.16078, 4.69376, 5.01192, 4.13046, 5.206900000000001, 5.724319999999999, 23.908579999999997, 6.214290000000001, 12.199089999999998, 8.288609999999998, 15.535680000000003], "sig_target_70_": [21.4107, 10.55501, 1.7725399999999996, 2.7511099999999997, 3.02946, 3.1629399999999994, 4.722710000000001, 5.01424, 4.09821, 5.208279999999999, 5.74207, 23.90068000000001, 6.222910000000001, 12.229349999999997, 8.28771, 15.524090000000001], "sig_target_75_": [21.423330000000007, 10.57074, 1.77677, 2.74395, 3.0107799999999996, 3.1520500000000005, 4.74553, 4.97101, 4.1349599999999995, 5.22937, 5.74903, 23.89567, 6.23837, 12.24282, 8.2587, 15.53172], "sig_target_80_": [21.43951, 10.60084, 1.78361, 2.7705700000000006, 3.0351000000000004, 3.16322, 4.76051, 4.994800000000001, 4.1758999999999995, 5.199460000000001, 5.740330000000001, 23.90688, 6.211259999999999, 12.188599999999997, 8.27768, 15.527729999999998], "sig_target_85_": [21.45259, 10.577580000000003, 1.77198, 2.7635100000000006, 3.0422900000000004, 3.1716999999999995, 4.84251, 5.02943, 4.08674, 5.23293, 5.73393, 23.94985, 6.1788599999999985, 12.179430000000002, 8.2589, 15.54419], "sig_target_90_": [21.450789999999998, 10.51732, 1.7930899999999996, 2.81211, 2.9620700000000006, 3.1505900000000002, 4.772539999999999, 4.96379, 4.058490000000001, 5.266710000000001, 5.733990000000001, 23.925890000000003, 6.227019999999999, 12.2009, 8.23466, 15.513510000000002], "sig_target_95_": [21.419520000000002, 10.557649999999999, 1.8514000000000002, 2.8097399999999997, 2.97333, 3.171020000000001, 4.709309999999999, 4.97543, 4.096590000000001, 5.26921, 5.736750000000001, 23.885089999999995, 6.219550000000001, 12.189319999999999, 8.273570000000001, 15.54983]}